{
    "pred_boxes": [
        [
            260.6806945800781,
            1.9008954763412476,
            441.61700439453125,
            892.0219116210938
        ],
        [
            2406.68798828125,
            3.8355746269226074,
            2506.1630859375,
            877.4951171875
        ],
        [
            1946.239013671875,
            8.937928199768066,
            2051.290283203125,
            806.1168212890625
        ],
        [
            967.7139282226562,
            5.773412227630615,
            1008.08349609375,
            778.118408203125
        ],
        [
            2057.760009765625,
            4.156070232391357,
            2243.156982421875,
            819.1520385742188
        ],
        [
            2173.1416015625,
            13.245203971862793,
            2315.45068359375,
            863.772705078125
        ]
    ],
    "scores": [
        0.9998958110809326,
        0.9991281628608704,
        0.9976932406425476,
        0.9905440807342529,
        0.967627227306366,
        0.9057780504226685
    ],
    "pred_keypoints": [
        [
            [
                352.1540832519531,
                830.1798095703125,
                1.8962832689285278
            ],
            [
                281.7899475097656,
                811.9313354492188,
                4.433836460113525
            ],
            [
                418.49737548828125,
                805.848388671875,
                0.8606317043304443
            ],
            [
                338.08123779296875,
                430.7405090332031,
                1.3769787549972534
            ],
            [
                336.07080078125,
                4.9423112869262695,
                1.176722764968872
            ]
        ],
        [
            [
                2455.4306640625,
                842.021728515625,
                0.5973718762397766
            ],
            [
                2415.640625,
                831.8865356445312,
                1.151667833328247
            ],
            [
                2497.210205078125,
                831.8865356445312,
                0.8899378180503845
            ],
            [
                2461.399169921875,
                458.9088439941406,
                0.9554665088653564
            ],
            [
                2447.47265625,
                6.876153469085693,
                0.2360096424818039
            ]
        ],
        [
            [
                2024.017333984375,
                774.6759033203125,
                0.6785604953765869
            ],
            [
                1993.714111328125,
                772.6473999023438,
                0.6860290765762329
            ],
            [
                2050.280029296875,
                772.6473999023438,
                0.6126059889793396
            ],
            [
                2011.8961181640625,
                405.4989013671875,
                0.7857789397239685
            ],
            [
                1955.330078125,
                11.980594635009766,
                0.27317920327186584
            ]
        ],
        [
            [
                990.9263916015625,
                746.6975708007812,
                0.4514217972755432
            ],
            [
                976.7970581054688,
                740.6161499023438,
                0.366862028837204
            ],
            [
                1003.0372924804688,
                744.6704711914062,
                0.17626750469207764
            ],
            [
                982.8524780273438,
                393.97308349609375,
                0.18121255934238434
            ],
            [
                978.8155517578125,
                8.814140319824219,
                0.14739824831485748
            ]
        ],
        [
            [
                2181.69384765625,
                816.1109619140625,
                0.6073175668716431
            ],
            [
                2151.466064453125,
                816.1109619140625,
                0.7563467621803284
            ],
            [
                2213.936767578125,
                816.1109619140625,
                0.6513989567756653
            ],
            [
                2179.6787109375,
                424.8318176269531,
                0.9867855906486511
            ],
            [
                2084.965087890625,
                7.1971001625061035,
                1.0051060914993286
            ]
        ],
        [
            [
                2178.152587890625,
                818.2088012695312,
                0.644768476486206
            ],
            [
                2200.200439453125,
                577.2258911132812,
                0.12601646780967712
            ],
            [
                2214.230712890625,
                810.1085205078125,
                0.735977828502655
            ],
            [
                2256.322265625,
                435.47137451171875,
                0.9984996318817139
            ],
            [
                2308.435302734375,
                16.28280258178711,
                0.2011307030916214
            ]
        ]
    ],
    "pred_masks": "eastbound_20240319_07851_pred_mask.npy",
    "pred_keypoint_heatmaps": "eastbound_20240319_07851_pred_keypoints_heatmaps.npy"
}